[ec2-user@ip-10-2-11-11 ~]$ mysql -h database-second.crkcnizehhsx.us-west-2.rds.amazonaws.com -P 3306 -u admin -p
Enter password:
Welcome to the MariaDB monitor.  Commands end with ; or \g.
Your MySQL connection id is 9
Server version: 8.0.39 Source distribution

Copyright (c) 2000, 2018, Oracle, MariaDB Corporation Ab and others.

Type 'help;' or '\h' for help. Type '\c' to clear the current input statement.

MySQL [(none)]> show databases;
+--------------------+
| Database           |
+--------------------+
| information_schema |
| mysql              |
| performance_schema |
| sys                |
| udacity            |
+--------------------+
5 rows in set (0.00 sec)

MySQL [(none)]> use udacity;
Reading table information for completion of table and column names
You can turn off this feature to get a quicker startup with -A

Database changed
MySQL [udacity]> select * from to_do;
+----------------------+-----------------+-------------+---------------------+
| name                 | owner           | status_code | created_at          |
+----------------------+-----------------+-------------+---------------------+
| Create table         | thangqn@fpt.com | I           | 2024-10-26 04:49:58 |
| Insert data to table | thangqn@fpt.com | I           | 2024-10-26 04:50:08 |
+----------------------+-----------------+-------------+---------------------+
2 rows in set (0.00 sec)

MySQL [udacity]> insert into to_do VALUES('Checking replicated', 'thangqn@fpt.com','I',CURRENT_TIMESTAMP());
Query OK, 1 row affected (0.00 sec)

MySQL [udacity]> select * from to_do;
+----------------------+-----------------+-------------+---------------------+
| name                 | owner           | status_code | created_at          |
+----------------------+-----------------+-------------+---------------------+
| Create table         | thangqn@fpt.com | I           | 2024-10-26 04:49:58 |
| Insert data to table | thangqn@fpt.com | I           | 2024-10-26 04:50:08 |
| Checking replicated  | thangqn@fpt.com | I           | 2024-10-26 05:08:28 |
+----------------------+-----------------+-------------+---------------------+
3 rows in set (0.00 sec)

MySQL [udacity]>
